norm_text,label,freq,cum_freq,cum_pct,rank,bucket
chinese,NORP,168,168,0.06201550387596899,1,head
china,GPE,109,277,0.10225175341454411,2,head
canton,GPE,70,347,0.12809154669619785,3,head
british,NORP,57,404,0.1491325212255445,4,head
india,GPE,42,446,0.16463639719453674,5,head
english,NORP,42,488,0.18014027316352899,6,head
two,CARDINAL,41,529,0.1952750092284976,7,head
lin,PERSON,35,564,0.2081949058693245,8,head
one,CARDINAL,32,596,0.22000738279808046,9,head
elliot,PERSON,30,626,0.23108157991878922,10,head
bengal,GPE,27,653,0.2410483573274271,11,head
first,ORDINAL,26,679,0.25064599483204136,12,head
england,GPE,19,698,0.2576596530084902,13,head
indian,NORP,17,715,0.26393503137689184,14,head
macao,GPE,15,730,0.26947212993724623,15,head
company,ORG,14,744,0.27464008859357697,16,head
europe,LOC,12,756,0.27906976744186046,17,head
american,NORP,12,768,0.28349944629014395,18,head
singapore,GPE,11,779,0.28755998523440385,19,head
hongkong,GPE,11,790,0.2916205241786637,20,head
patna,GPE,11,801,0.2956810631229236,21,head
lintin,GPE,11,812,0.2997416020671835,22,head
three,CARDINAL,11,823,0.3038021410114433,23,head
european,NORP,10,833,0.30749354005167956,24,head
chinaman,NORP,10,843,0.31118493909191586,25,head
benares,GPE,9,852,0.31450719822812845,26,head
calcutta,GPE,9,861,0.3178294573643411,27,head
government,ORG,9,870,0.3211517165005537,28,head
london,GPE,8,878,0.32410483573274274,29,head
pekin,GPE,8,886,0.32705795496493173,30,head
shanghai,GPE,8,894,0.3300110741971207,31,head
hong,GPE,8,902,0.3329641934293097,32,head
peking,GPE,8,910,0.3359173126614987,33,head
amoy,GPE,8,918,0.3388704318936877,34,head
chusan,GPE,8,926,0.3418235511258767,35,head
2,CARDINAL,7,933,0.3444075304540421,36,head
spanish,NORP,7,940,0.34699150978220744,37,head
malay,NORP,7,947,0.34957548911037284,38,head
1,CARDINAL,7,954,0.3521594684385382,39,head
four,CARDINAL,7,961,0.3547434477667036,40,head
british-owned,NORP,6,967,0.3569582871908453,41,head
hong-kong,GPE,6,973,0.35917312661498707,42,head
bengal,LOC,6,979,0.3613879660391288,43,head
whampoa,GPE,6,985,0.36360280546327056,44,head
whampoa,LOC,6,991,0.3658176448874123,45,head
tang,PERSON,6,997,0.36803248431155405,46,head
dutch,NORP,6,1003,0.37024732373569585,47,head
hong,NORP,6,1009,0.3724621631598376,48,head
malays,NORP,6,1015,0.37467700258397935,49,head
1839,DATE,5,1020,0.37652270210409744,50,head
bengal,NORP,5,1025,0.3783684016242156,51,head
"20,283",CARDINAL,5,1030,0.3802141011443337,52,head
night,TIME,5,1035,0.38205980066445183,53,head
third,ORDINAL,5,1040,0.3839055001845699,54,head
second,ORDINAL,5,1045,0.3857511997046881,55,head
the east india company,ORG,5,1050,0.3875968992248062,56,head
bahar,GPE,5,1055,0.3894425987449243,57,head
ii,CARDINAL,5,1060,0.39128829826504247,58,head
namoa,GPE,5,1065,0.39313399778516056,59,head
reed,PERSON,5,1070,0.3949796973052787,60,head
turkey,GPE,4,1074,0.3964562569213732,61,head
4,CARDINAL,4,1078,0.3979328165374677,62,head
24,CARDINAL,4,1082,0.3994093761535622,63,head
bombay,GPE,4,1086,0.4008859357696567,64,head
sixteen,CARDINAL,4,1090,0.4023624953857512,65,head
twenty,CARDINAL,4,1094,0.4038390550018457,66,head
half,CARDINAL,4,1098,0.4053156146179402,67,head
mandarins,NORP,4,1102,0.4067921742340347,68,head
six,CARDINAL,4,1106,0.4082687338501292,69,head
elgin,PERSON,4,1110,0.4097452934662237,70,head
christian,NORP,4,1114,0.4112218530823182,71,head
north,LOC,4,1118,0.4126984126984127,72,head
shanghae,GPE,4,1122,0.4141749723145072,73,head
hang-chow-foo,GPE,4,1126,0.4156515319306017,74,head
five,CARDINAL,4,1130,0.4171280915466962,75,head
innes,PERSON,3,1133,0.41823551125876707,76,head
40,CARDINAL,3,1136,0.41934293097083797,77,head
44,CARDINAL,3,1139,0.4204503506829088,78,head
sylph,PRODUCT,3,1142,0.4215577703949797,79,head
"july, 1799",DATE,3,1145,0.42266519010705056,80,head
hong kong,GPE,3,1148,0.42377260981912146,81,head
europeans,NORP,3,1151,0.4248800295311923,82,head
factories,FAC,3,1154,0.4259874492432632,83,head
chuenpee,GPE,3,1157,0.42709486895533405,84,head
lin tsihseu,PERSON,3,1160,0.42820228866740495,85,head
12,CARDINAL,3,1163,0.4293097083794758,86,head
tientsin,GPE,3,1166,0.4304171280915467,87,head
499,CARDINAL,3,1169,0.4315245478036176,88,head
palmerston,PERSON,3,1172,0.43263196751568844,89,head
cantonese,NORP,3,1175,0.43373938722775934,90,head
gutzlaff,PERSON,3,1178,0.4348468069398302,91,head
late years,DATE,3,1181,0.4359542266519011,92,head
great britain,GPE,3,1184,0.43706164636397193,93,head
dent,PERSON,3,1187,0.43816906607604283,94,head
two days,DATE,3,1190,0.4392764857881137,95,head
celebes,LOC,3,1193,0.4403839055001846,96,head
siam,GPE,3,1196,0.4414913252122554,97,head
namoa,LOC,3,1199,0.4425987449243263,98,head
8,CARDINAL,3,1202,0.44370616463639717,99,head
bogue,LOC,3,1205,0.44481358434846807,100,head
borneo,GPE,3,1208,0.4459210040605389,101,head
borneo,LOC,3,1211,0.4470284237726098,102,head
the middle kingdom,GPE,3,1214,0.4481358434846807,103,head
the united states,GPE,3,1217,0.44924326319675156,104,head
ningpo,GPE,3,1220,0.45035068290882246,105,head
batavia,GPE,3,1223,0.4514581026208933,106,head
1838,DATE,3,1226,0.4525655223329642,107,head
parliament,ORG,3,1229,0.45367294204503505,108,head
annually,DATE,3,1232,0.45478036175710596,109,head
1805,DATE,3,1235,0.4558877814691768,110,head
1832,DATE,3,1238,0.4569952011812477,111,head
mongolia,GPE,3,1241,0.45810262089331855,112,head
1807,DATE,3,1244,0.45921004060538945,113,head
1820,DATE,3,1247,0.4603174603174603,114,head
americans,NORP,3,1250,0.4614248800295312,115,head
6 per cent,PERCENT,3,1253,0.4625322997416021,116,head
poo-too,LOC,3,1256,0.46363971945367294,117,head
linga,LOC,2,1258,0.4643779992617202,118,head
1792,CARDINAL,2,1260,0.46511627906976744,119,head
britannic,NORP,2,1262,0.4658545588778147,120,head
lin-tin,GPE,2,1264,0.46659283868586193,121,head
can- ton,GPE,2,1266,0.4673311184939092,122,head
last night,TIME,2,1268,0.46806939830195643,123,head
the 8th,DATE,2,1270,0.4688076781100037,124,head
google,ORG,2,1272,0.4695459579180509,125,head
the next day,DATE,2,1274,0.4702842377260982,126,head
100 spanish dollars,MONEY,2,1276,0.4710225175341454,127,head
the opium war,EVENT,2,1278,0.4717607973421927,128,head
220,CARDINAL,2,1280,0.4724990771502399,129,head
tungong,GPE,2,1282,0.47323735695828717,130,head
1876,DATE,2,1284,0.4739756367663344,131,head
1840,DATE,2,1286,0.47471391657438167,132,head
three thousand,CARDINAL,2,1288,0.4754521963824289,133,head
loi-ya,PERSON,2,1290,0.47619047619047616,134,head
linting,GPE,2,1292,0.47692875599852347,135,head
mohammedan,NORP,2,1294,0.4776670358065707,136,head
bengal army,ORG,2,1296,0.47840531561461797,137,head
130 to 160 acres,QUANTITY,2,1298,0.4791435954226652,138,head
next year,DATE,2,1300,0.47988187523071246,139,head
napier,PERSON,2,1302,0.4806201550387597,140,head
nanking,GPE,2,1304,0.48135843484680696,141,head
nankin,GPE,2,1306,0.4820967146548542,142,head
a month,DATE,2,1308,0.48283499446290146,143,head
monthly,DATE,2,1310,0.4835732742709487,144,head
momparva,GPE,2,1312,0.48431155407899595,145,head
midnight,TIME,2,1314,0.4850498338870432,146,head
the beginning of the year 1793,DATE,2,1316,0.48578811369509045,147,head
aden,GPE,2,1318,0.4865263935031377,148,head
lark's bay,LOC,2,1320,0.48726467331118495,149,head
mandarin,NORP,2,1322,0.4880029531192322,150,head
asia,LOC,2,1324,0.48874123292727945,151,head
asiatic,NORP,2,1326,0.4894795127353267,152,head
assam,GPE,2,1328,0.49021779254337394,153,head
malayan,NORP,2,1330,0.4909560723514212,154,head
three days,DATE,2,1332,0.49169435215946844,155,head
the bocca tigris,LOC,2,1334,0.4924326319675157,156,head
"13,923",CARDINAL,2,1336,0.49317091177556294,157,head
the last few years,DATE,2,1338,0.4939091915836102,158,head
thousands,CARDINAL,2,1340,0.49464747139165743,159,head
the sacred lake,LOC,2,1342,0.4953857511997047,160,head
183,CARDINAL,2,1344,0.49612403100775193,161,head
1823,DATE,2,1346,0.4968623108157992,162,head
two hundred,CARDINAL,2,1348,0.49760059062384643,163,head
1 794,DATE,2,1350,0.4983388704318937,164,head
1858,DATE,2,1352,0.4990771502399409,165,head
"14,857",CARDINAL,2,1354,0.4998154300479882,166,head
the board of revenue,ORG,2,1356,0.5005537098560354,167,head
175,CARDINAL,2,1358,0.5012919896640827,168,head
ting-hae,PERSON,2,1360,0.5020302694721299,169,head
219,CARDINAL,2,1362,0.5027685492801772,170,head
"2,083",CARDINAL,2,1364,0.5035068290882244,171,head
the board of customs,ORG,2,1366,0.5042451088962717,172,head
16,CARDINAL,2,1368,0.5049833887043189,173,head
this year,DATE,2,1370,0.5057216685123662,174,head
the kwang- chow-foo,PERSON,2,1372,0.5064599483204134,175,head
thirty thousand,CARDINAL,2,1374,0.5071982281284607,176,head
15,CARDINAL,2,1376,0.5079365079365079,177,head
1793,CARDINAL,2,1378,0.5086747877445552,178,head
1877,DATE,2,1380,0.5094130675526024,179,head
1871,DATE,2,1382,0.5101513473606497,180,head
17,CARDINAL,2,1384,0.5108896271686969,181,head
whampimll,LOC,2,1386,0.5116279069767442,182,head
1881,DATE,2,1388,0.5123661867847914,183,head
three or five years previously,DATE,2,1390,0.5131044665928387,184,head
the board of trade,ORG,2,1392,0.5138427464008859,185,head
80 or 100 chang,QUANTITY,2,1394,0.5145810262089332,186,head
the yangtsz’ river,LOC,2,1396,0.5153193060169804,187,head
three or,CARDINAL,2,1398,0.5160575858250277,188,head
the year 1793,DATE,2,1400,0.5167958656330749,189,head
whampoa,FAC,2,1402,0.5175341454411222,190,head
whampoa,ORG,2,1404,0.5182724252491694,191,head
20 or 30 li,QUANTITY,2,1406,0.5190107050572167,192,head
"1,237",CARDINAL,2,1408,0.5197489848652639,193,head
"9,073",CARDINAL,2,1410,0.5204872646733112,194,head
many years,DATE,2,1412,0.5212255444813584,195,head
one half,CARDINAL,2,1414,0.5219638242894057,196,head
pany,ORG,2,1416,0.5227021040974529,197,head
491,CARDINAL,2,1418,0.5234403839055002,198,head
488,CARDINAL,2,1420,0.5241786637135475,199,head
481,CARDINAL,2,1422,0.5249169435215947,200,head
48,CARDINAL,2,1424,0.525655223329642,201,head
several years,DATE,2,1426,0.5263935031376892,202,head
510,CARDINAL,2,1428,0.5271317829457365,203,head
468,CARDINAL,2,1430,0.5278700627537837,204,head
515,CARDINAL,2,1432,0.528608342561831,205,head
seven days,DATE,2,1434,0.5293466223698782,206,head
seven,CARDINAL,2,1436,0.5300849021779255,207,head
45,CARDINAL,2,1438,0.5308231819859727,208,head
447,CARDINAL,2,1440,0.53156146179402,209,head
"september the 1st, 1793, to the 31st of august, 1797",DATE,2,1442,0.5322997416020672,210,head
some years,DATE,2,1444,0.5330380214101145,211,head
sooloo,GPE,2,1446,0.5337763012181617,212,head
5,CARDINAL,2,1448,0.534514581026209,213,head
south american,NORP,2,1450,0.5352528608342562,214,head
493,CARDINAL,2,1452,0.5359911406423035,215,head
500,CARDINAL,2,1454,0.5367294204503507,216,head
496,CARDINAL,2,1456,0.537467700258398,217,head
30,CARDINAL,2,1458,0.5382059800664452,218,head
one-half,CARDINAL,2,1460,0.5389442598744925,219,head
6,CARDINAL,2,1462,0.5396825396825397,220,head
pulo pinang,GPE,2,1464,0.540420819490587,221,head
portuguese,NORP,2,1466,0.5411590992986341,222,head
"4,692",CARDINAL,2,1468,0.5418973791066815,223,head
sumatra,GPE,2,1470,0.5426356589147286,224,head
the,DATE,2,1472,0.543373938722776,225,head
the 19th,DATE,2,1474,0.5441122185308231,226,head
54,CARDINAL,2,1476,0.5448504983388704,227,head
395,CARDINAL,2,1478,0.5455887781469176,228,head
szechuan,GPE,2,1480,0.546327057954965,229,head
talbot,PERSON,2,1482,0.5470653377630121,230,head
345,CARDINAL,2,1484,0.5478036175710594,231,head
377,CARDINAL,2,1486,0.5485418973791066,232,head
"5,873",CARDINAL,2,1488,0.5492801771871539,233,head
550,CARDINAL,2,1490,0.5500184569952011,234,head
season,DATE,2,1492,0.5507567368032484,235,head
31,CARDINAL,2,1494,0.5514950166112956,236,head
eighteen months,DATE,2,1496,0.5522332964193429,237,head
four years,DATE,2,1498,0.5529715762273901,238,head
english,LANGUAGE,2,1500,0.5537098560354374,239,head
english-owned,NORP,2,1502,0.5544481358434847,240,head
five dollars,MONEY,2,1504,0.5551864156515319,241,head
herbal,WORK_OF_ART,2,1506,0.5559246954595792,242,head
henry pottinger,PERSON,2,1508,0.5566629752676264,243,head
henry,PERSON,2,1510,0.5574012550756737,244,head
fortune,PERSON,2,1512,0.5581395348837209,245,head
fourth,ORDINAL,2,1514,0.5588778146917682,246,head
house,ORG,2,1516,0.5596160944998154,247,head
hainan,GPE,2,1518,0.5603543743078627,248,head
french,NORP,2,1520,0.5610926541159099,249,head
green,PERSON,2,1522,0.5618309339239572,250,head
ladrones,NORP,2,1524,0.5625692137320044,251,head
opium,PERSON,2,1526,0.5633074935400517,252,head
orixa,GPE,2,1528,0.5640457733480989,253,head
amherst,PERSON,2,1530,0.5647840531561462,254,head
eng,NORP,2,1532,0.5655223329641934,255,head
chekeang,GPE,2,1534,0.5662606127722407,256,head
charles elliot,PERSON,2,1536,0.5669988925802879,257,head
cochin china,GPE,2,1538,0.5677371723883352,258,head
eight,CARDINAL,2,1540,0.5684754521963824,259,head
chinese,LANGUAGE,2,1542,0.5692137320044297,260,head
kiying,PERSON,2,1544,0.5699520118124769,261,head
king,PERSON,2,1546,0.5706902916205242,262,head
city of ting-hae,PERSON,2,1548,0.5714285714285714,263,head
east indian,NORP,2,1550,0.5721668512366187,264,head
keshen,PERSON,2,1552,0.5729051310446659,265,head
kirin,GPE,2,1554,0.5736434108527132,266,head
johnston,PERSON,2,1556,0.5743816906607604,267,head
days,DATE,2,1558,0.5751199704688077,268,head
east india company,ORG,2,1560,0.5758582502768549,269,head
crown,ORG,2,1562,0.5765965300849022,270,head
island of koo-lung-soo,LOC,2,1564,0.5773348098929494,271,head
davis,PERSON,2,1566,0.5780730897009967,272,head
day,DATE,2,1568,0.5788113695090439,273,head
1847,DATE,1,1569,0.5791805094130675,274,tail
1867,DATE,1,1570,0.5795496493170912,275,tail
"2,371",CARDINAL,1,1571,0.5799187892211148,276,tail
1830,DATE,1,1572,0.5802879291251384,277,tail
"19,832",CARDINAL,1,1573,0.580657069029162,278,tail
"19,190",CARDINAL,1,1574,0.5810262089331857,279,tail
1831,DATE,1,1575,0.5813953488372093,280,tail
1835-36,DATE,1,1576,0.5817644887412329,281,tail
1835,DATE,1,1577,0.5821336286452565,282,tail
1837,DATE,1,1578,0.5825027685492802,283,tail
1839-42,DATE,1,1579,0.5828719084533038,284,tail
1839-50,DATE,1,1580,0.5832410483573274,285,tail
1841,DATE,1,1581,0.583610188261351,286,tail
"19,683",CARDINAL,1,1582,0.5839793281653747,287,tail
20,CARDINAL,1,1583,0.5843484680693983,288,tail
191,CARDINAL,1,1584,0.584717607973422,289,tail
"2,990,573",CARDINAL,1,1585,0.5850867478774455,290,tail
"2,915",CARDINAL,1,1586,0.5854558877814692,291,tail
1825,DATE,1,1587,0.5858250276854928,292,tail
1830 or 1831,DATE,1,1588,0.5861941675895165,293,tail
1878,DATE,1,1589,0.58656330749354,294,tail
194,CARDINAL,1,1590,0.5869324473975637,295,tail
195,CARDINAL,1,1591,0.5873015873015873,296,tail
1s00,CARDINAL,1,1592,0.587670727205611,297,tail
1s05,DATE,1,1593,0.5880398671096345,298,tail
1sq9-10,DATE,1,1594,0.5884090070136582,299,tail
2 244,CARDINAL,1,1595,0.5887781469176818,300,tail
2 to 3,CARDINAL,1,1596,0.5891472868217055,301,tail
"2,100",CARDINAL,1,1597,0.589516426725729,302,tail
"2,51,450 sicca rupees",MONEY,1,1598,0.5898855666297527,303,tail
"2,523",CARDINAL,1,1599,0.5902547065337763,304,tail
"2,561",CARDINAL,1,1600,0.5906238464378,305,tail
"2,884",CARDINAL,1,1601,0.5909929863418235,306,tail
187,CARDINAL,1,1602,0.5913621262458472,307,tail
"10,642",CARDINAL,1,1603,0.5917312661498708,308,tail
1883,DATE,1,1604,0.5921004060538945,309,tail
"1,655",CARDINAL,1,1605,0.592469545957918,310,tail
"100,920",CARDINAL,1,1606,0.5928386858619417,311,tail
1000 gallons,QUANTITY,1,1607,0.5932078257659653,312,tail
1000 sicca rupees,MONEY,1,1608,0.593576965669989,313,tail
"107,970",CARDINAL,1,1609,0.5939461055740125,314,tail
"10,780",CARDINAL,1,1610,0.5943152454780362,315,tail
10th,DATE,1,1611,0.5946843853820598,316,tail
"1,522",CARDINAL,1,1612,0.5950535252860835,317,tail
1889,DATE,1,1613,0.595422665190107,318,tail
",",CARDINAL,1,1614,0.5957918050941307,319,tail
- foo,GPE,1,1615,0.5961609449981543,320,tail
/000,CARDINAL,1,1616,0.596530084902178,321,tail
"0210,304",CARDINAL,1,1617,0.5968992248062015,322,tail
1789,CARDINAL,1,1618,0.5972683647102252,323,tail
1 00,CARDINAL,1,1619,0.5976375046142488,324,tail
100 dollars,MONEY,1,1620,0.5980066445182725,325,tail
100,MONEY,1,1621,0.598375784422296,326,tail
"10,ss6",CARDINAL,1,1622,0.5987449243263196,327,tail
"1,685",CARDINAL,1,1623,0.5991140642303433,328,tail
"10,529",CARDINAL,1,1624,0.599483204134367,329,tail
"10,361",CARDINAL,1,1625,0.5998523440383905,330,tail
"10,133",CARDINAL,1,1626,0.6002214839424141,331,tail
10 to,CARDINAL,1,1627,0.6005906238464378,332,tail
10 mow,QUANTITY,1,1628,0.6009597637504615,333,tail
1.30,MONEY,1,1629,0.6013289036544851,334,tail
"1,874",CARDINAL,1,1630,0.6016980435585086,335,tail
"17,762",CARDINAL,1,1631,0.6020671834625323,336,tail
1707,DATE,1,1632,0.602436323366556,337,tail
20 0 0,CARDINAL,1,1633,0.6028054632705796,338,tail
1848,DATE,1,1634,0.6031746031746031,339,tail
"19,104",CARDINAL,1,1635,0.6035437430786268,340,tail
"189,278",CARDINAL,1,1636,0.6039128829826504,341,tail
1720,DATE,1,1637,0.6042820228866741,342,tail
george robinson,PERSON,1,1638,0.6046511627906976,343,tail
1794,DATE,1,1639,0.6050203026947213,344,tail
chin-chew,GPE,1,1640,0.6053894425987449,345,tail
changling,PERSON,1,1641,0.6057585825027686,346,tail
charles,PERSON,1,1642,0.6061277224067921,347,tail
chekiang,GPE,1,1643,0.6064968623108158,348,tail
chi- nese,NORP,1,1644,0.6068660022148394,349,tail
chinkiang,GPE,1,1645,0.6072351421188631,350,tail
chi- nese,ORG,1,1646,0.6076042820228866,351,tail
chin-hai,GPE,1,1647,0.6079734219269103,352,tail
chamber,ORG,1,1648,0.6083425618309339,353,tail
china-street,FAC,1,1649,0.6087117017349576,354,tail
china-ware,GPE,1,1650,0.6090808416389811,355,tail
chinchew,GPE,1,1651,0.6094499815430048,356,tail
chine,GPE,1,1652,0.6098191214470284,357,tail
chinese war,EVENT,1,1653,0.6101882613510521,358,tail
chihie,GPE,1,1654,0.6105574012550756,359,tail
chang chih-tung,PERSON,1,1655,0.6109265411590993,360,tail
catty,QUANTITY,1,1656,0.6112956810631229,361,tail
"54,255",CARDINAL,1,1657,0.6116648209671466,362,tail
cochin cfaiiia,GPE,1,1658,0.6120339608711701,363,tail
1 to 2,CARDINAL,1,1659,0.6124031007751938,364,tail
chusan archipelago,LOC,1,1660,0.6127722406792174,365,tail
chnsan,GPE,1,1661,0.6131413805832411,366,tail
cliusan,GPE,1,1662,0.6135105204872646,367,tail
coast of malabar_.____,LOC,1,1663,0.6138796603912883,368,tail
coast'of sumatra,LOC,1,1664,0.6142488002953119,369,tail
cochin china,LOC,1,1665,0.6146179401993356,370,tail
chinhai,GPE,1,1666,0.6149870801033591,371,tail
com,ORG,1,1667,0.6153562200073828,372,tail
com- merce,ORG,1,1668,0.6157253599114064,373,tail
congo,GPE,1,1669,0.6160944998154301,374,tail
coast of coromandel,LOC,1,1670,0.6164636397194537,375,tail
canton river,LOC,1,1671,0.6168327796234773,376,tail
chinsurah,GPE,1,1672,0.6172019195275009,377,tail
546,CARDINAL,1,1673,0.6175710594315246,378,tail
1798,CARDINAL,1,1674,0.6179401993355482,379,tail
1794,CARDINAL,1,1675,0.6183093392395718,380,tail
1787,CARDINAL,1,1676,0.6186784791435954,381,tail
1750 sicca rupees,MONEY,1,1677,0.6190476190476191,382,tail
177,CARDINAL,1,1678,0.6194167589516427,383,tail
1772,DATE,1,1679,0.6197858988556663,384,tail
178,CARDINAL,1,1680,0.6201550387596899,385,tail
1781,DATE,1,1681,0.6205241786637136,386,tail
1786 to 1801,DATE,1,1682,0.6208933185677372,387,tail
1795-6,DATE,1,1683,0.6212624584717608,388,tail
1796,CARDINAL,1,1684,0.6216315983757844,389,tail
1788,CARDINAL,1,1685,0.6220007382798081,390,tail
1790,CARDINAL,1,1686,0.6223698781838317,391,tail
1791,CARDINAL,1,1687,0.6227390180878553,392,tail
1792,DATE,1,1688,0.6231081579918789,393,tail
1792-3,DATE,1,1689,0.6234772978959026,394,tail
1793,DATE,1,1690,0.6238464377999262,395,tail
1795,CARDINAL,1,1691,0.6242155777039498,396,tail
1821,DATE,1,1692,0.6245847176079734,397,tail
1799,CARDINAL,1,1693,0.6249538575119971,398,tail
1801,CARDINAL,1,1694,0.6253229974160207,399,tail
1799-1800,CARDINAL,1,1695,0.6256921373200443,400,tail
17s6,CARDINAL,1,1696,0.6260612772240679,401,tail
18,CARDINAL,1,1697,0.6264304171280916,402,tail
18 to 20,CARDINAL,1,1698,0.6267995570321152,403,tail
"18,000",CARDINAL,1,1699,0.6271686969361387,404,tail
1797,CARDINAL,1,1700,0.6275378368401624,405,tail
1803,DATE,1,1701,0.627906976744186,406,tail
1801-2,CARDINAL,1,1702,0.6282761166482097,407,tail
1805,CARDINAL,1,1703,0.6286452565522332,408,tail
1805-6,CARDINAL,1,1704,0.6290143964562569,409,tail
1809,DATE,1,1705,0.6293835363602805,410,tail
180s-9,DATE,1,1706,0.6297526762643042,411,tail
1816.,DATE,1,1707,0.6301218161683277,412,tail
182,CARDINAL,1,1708,0.6304909560723514,413,tail
1 50 or 200 dollars,MONEY,1,1709,0.630860095976375,414,tail
"26th august, 1841",DATE,1,1710,0.6312292358803987,415,tail
"1,554",CARDINAL,1,1711,0.6315983757844224,416,tail
"524,086",CARDINAL,1,1712,0.6319675156884459,417,tail
487,CARDINAL,1,1713,0.6323366555924695,418,tail
490,CARDINAL,1,1714,0.6327057954964932,419,tail
519,CARDINAL,1,1715,0.6330749354005168,420,tail
"52,58,114",CARDINAL,1,1716,0.6334440753045404,421,tail
521,CARDINAL,1,1717,0.633813215208564,422,tail
523,CARDINAL,1,1718,0.6341823551125877,423,tail
525,CARDINAL,1,1719,0.6345514950166113,424,tail
40 to 50,CARDINAL,1,1720,0.6349206349206349,425,tail
527,CARDINAL,1,1721,0.6352897748246585,426,tail
517,CARDINAL,1,1722,0.6356589147286822,427,tail
529,CARDINAL,1,1723,0.6360280546327058,428,tail
531,CARDINAL,1,1724,0.6363971945367294,429,tail
533,CARDINAL,1,1725,0.636766334440753,430,tail
"534,654",CARDINAL,1,1726,0.6371354743447767,431,tail
"39,304",CARDINAL,1,1727,0.6375046142488003,432,tail
414,CARDINAL,1,1728,0.6378737541528239,433,tail
536,CARDINAL,1,1729,0.6382428940568475,434,tail
"4,72,785",CARDINAL,1,1730,0.6386120339608712,435,tail
398,FAC,1,1731,0.6389811738648948,436,tail
398 pieates,QUANTITY,1,1732,0.6393503137689184,437,tail
3rd of april,DATE,1,1733,0.639719453672942,438,tail
"4,000 rials",MONEY,1,1734,0.6400885935769657,439,tail
"4,218",CARDINAL,1,1735,0.6404577334809893,440,tail
"4,545",CARDINAL,1,1736,0.6408268733850129,441,tail
"42,823,721",CARDINAL,1,1737,0.6411960132890365,442,tail
"41,479,892",CARDINAL,1,1738,0.6415651531930602,443,tail
"4,s12",CARDINAL,1,1739,0.6419342930970838,444,tail
40 to 60,CARDINAL,1,1740,0.6423034330011074,445,tail
4000 ounces,QUANTITY,1,1741,0.642672572905131,446,tail
402,CARDINAL,1,1742,0.6430417128091547,447,tail
"406,000",CARDINAL,1,1743,0.6434108527131783,448,tail
"408,320",CARDINAL,1,1744,0.6437799926172019,449,tail
535,CARDINAL,1,1745,0.6441491325212255,450,tail
537,CARDINAL,1,1746,0.6445182724252492,451,tail
"1,000 dollars",MONEY,1,1747,0.6448874123292728,452,tail
250,MONEY,1,1748,0.6452565522332964,453,tail
51,CARDINAL,1,1749,0.64562569213732,454,tail
512,CARDINAL,1,1750,0.6459948320413437,455,tail
"50,000",CARDINAL,1,1751,0.6463639719453673,456,tail
"20,691",CARDINAL,1,1752,0.646733111849391,457,tail
389,CARDINAL,1,1753,0.6471022517534145,458,tail
380,CARDINAL,1,1754,0.6474713916574382,459,tail
"265,000 peculs",MONEY,1,1755,0.6478405315614618,460,tail
505,CARDINAL,1,1756,0.6482096714654855,461,tail
chunpee,GPE,1,1757,0.648578811369509,462,tail
"27,661",CARDINAL,1,1758,0.6489479512735327,463,tail
"27,859,618",MONEY,1,1759,0.6493170911775563,464,tail
273,CARDINAL,1,1760,0.64968623108158,465,tail
277,CARDINAL,1,1761,0.6500553709856035,466,tail
25 to 30,CARDINAL,1,1762,0.6504245108896272,467,tail
508,CARDINAL,1,1763,0.6507936507936508,468,tail
502,CARDINAL,1,1764,0.6511627906976745,469,tail
538,ORG,1,1765,0.651531930601698,470,tail
497,CARDINAL,1,1766,0.6519010705057217,471,tail
"53,41,997",CARDINAL,1,1767,0.6522702104097453,472,tail
489,ORG,1,1768,0.652639350313769,473,tail
516,CARDINAL,1,1769,0.6530084902177925,474,tail
514,CARDINAL,1,1770,0.6533776301218162,475,tail
492,CARDINAL,1,1771,0.6537467700258398,476,tail
494,CARDINAL,1,1772,0.6541159099298635,477,tail
5 to 6,CARDINAL,1,1773,0.654485049833887,478,tail
500 to 800 spanish dollars,MONEY,1,1774,0.6548541897379107,479,tail
"5,637,052",CARDINAL,1,1775,0.6552233296419343,480,tail
"5,661",CARDINAL,1,1776,0.655592469545958,481,tail
"5,900",CARDINAL,1,1777,0.6559616094499815,482,tail
514-574,CARDINAL,1,1778,0.6563307493540051,483,tail
50 li,QUANTITY,1,1779,0.6566998892580288,484,tail
"50,150",CARDINAL,1,1780,0.6570690291620525,485,tail
"42,651",CARDINAL,1,1781,0.657438169066076,486,tail
421,CARDINAL,1,1782,0.6578073089700996,487,tail
483,CARDINAL,1,1783,0.6581764488741233,488,tail
168,CARDINAL,1,1784,0.658545588778147,489,tail
1425 to 1465 sicca rupees,MONEY,1,1785,0.6589147286821705,490,tail
16 dollars,MONEY,1,1786,0.6592838685861941,491,tail
1644,DATE,1,1787,0.6596530084902178,492,tail
165,CARDINAL,1,1788,0.6600221483942414,493,tail
167,CARDINAL,1,1789,0.660391288298265,494,tail
1670,DATE,1,1790,0.6607604282022886,495,tail
"17,153",CARDINAL,1,1791,0.6611295681063123,496,tail
1525 to 1565 sicca rupees,MONEY,1,1792,0.661498708010336,497,tail
"17,188",CARDINAL,1,1793,0.6618678479143596,498,tail
16 to 23,CARDINAL,1,1794,0.6622369878183831,499,tail
"11,975",CARDINAL,1,1795,0.6626061277224068,500,tail
"14,951",CARDINAL,1,1796,0.6629752676264304,501,tail
"14,000 tons",QUANTITY,1,1797,0.6633444075304541,502,tail
115,CARDINAL,1,1798,0.6637135474344776,503,tail
1580,DATE,1,1799,0.6640826873385013,504,tail
150,CARDINAL,1,1800,0.6644518272425249,505,tail
467,CARDINAL,1,1801,0.6648209671465486,506,tail
"1,500",CARDINAL,1,1802,0.6651901070505721,507,tail
"1,104",CARDINAL,1,1803,0.6655592469545958,508,tail
"1,217",CARDINAL,1,1804,0.6659283868586194,509,tail
"1,261",CARDINAL,1,1805,0.6662975267626431,510,tail
"1,32,840",CARDINAL,1,1806,0.6666666666666666,511,tail
"1,3s,153",CARDINAL,1,1807,0.6670358065706903,512,tail
"1,413",CARDINAL,1,1808,0.6674049464747139,513,tail
"1,084",CARDINAL,1,1809,0.6677740863787376,514,tail
"15,515",CARDINAL,1,1810,0.6681432262827611,515,tail
170,CARDINAL,1,1811,0.6685123661867848,516,tail
"11,072",CARDINAL,1,1812,0.6688815060908084,517,tail
110,CARDINAL,1,1813,0.6692506459948321,518,tail
"15,000,000",CARDINAL,1,1814,0.6696197858988556,519,tail
"15,214",CARDINAL,1,1815,0.6699889258028793,520,tail
"15,290",CARDINAL,1,1816,0.6703580657069029,521,tail
12 30,CARDINAL,1,1817,0.6707272056109266,522,tail
12 ’,QUANTITY,1,1818,0.6710963455149501,523,tail
"12,0-16",CARDINAL,1,1819,0.6714654854189738,524,tail
464,CARDINAL,1,1820,0.6718346253229974,525,tail
450,CARDINAL,1,1821,0.6722037652270211,526,tail
"46,400",CARDINAL,1,1822,0.6725729051310446,527,tail
"46,808",CARDINAL,1,1823,0.6729420450350683,528,tail
"463,161",CARDINAL,1,1824,0.6733111849390919,529,tail
463-513,CARDINAL,1,1825,0.6736803248431156,530,tail
"43,894",CARDINAL,1,1826,0.6740494647471391,531,tail
469,CARDINAL,1,1827,0.6744186046511628,532,tail
"12,000",CARDINAL,1,1828,0.6747877445551864,533,tail
472,CARDINAL,1,1829,0.6751568844592101,534,tail
477,CARDINAL,1,1830,0.6755260243632336,535,tail
478,CARDINAL,1,1831,0.6758951642672573,536,tail
"48,682",CARDINAL,1,1832,0.6762643041712809,537,tail
"480,069",CARDINAL,1,1833,0.6766334440753046,538,tail
482,CARDINAL,1,1834,0.6770025839793282,539,tail
448,CARDINAL,1,1835,0.6773717238833518,540,tail
"44,800",CARDINAL,1,1836,0.6777408637873754,541,tail
200 to 250,CARDINAL,1,1837,0.6781100036913991,542,tail
"20,000",CARDINAL,1,1838,0.6784791435954227,543,tail
540,CARDINAL,1,1839,0.6788482834994463,544,tail
"120,000",CARDINAL,1,1840,0.6792174234034699,545,tail
"14,000",MONEY,1,1841,0.6795865633074936,546,tail
14,CARDINAL,1,1842,0.6799557032115172,547,tail
"13,546",CARDINAL,1,1843,0.6803248431155408,548,tail
"13,480",CARDINAL,1,1844,0.6806939830195644,549,tail
"13,444",CARDINAL,1,1845,0.6810631229235881,550,tail
"13,265",CARDINAL,1,1846,0.6814322628276117,551,tail
"122,200 spanish dollars",MONEY,1,1847,0.6818014027316353,552,tail
120,CARDINAL,1,1848,0.6821705426356589,553,tail
"14,008",CARDINAL,1,1849,0.6825396825396826,554,tail
"12,749",CARDINAL,1,1850,0.6829088224437062,555,tail
"12,527",CARDINAL,1,1851,0.6832779623477298,556,tail
chusan,ORG,1,1852,0.6836471022517534,557,tail
"700,000",CARDINAL,1,1853,0.684016242155777,558,tail
chu tsun,PERSON,1,1854,0.6843853820598007,559,tail
"7,295",CARDINAL,1,1855,0.6847545219638242,560,tail
663,CARDINAL,1,1856,0.6851236618678479,561,tail
683,CARDINAL,1,1857,0.6854928017718716,562,tail
"690,011",CARDINAL,1,1858,0.6858619416758952,563,tail
"6i,07,57s",CARDINAL,1,1859,0.6862310815799187,564,tail
"7,183",CARDINAL,1,1860,0.6866002214839424,565,tail
"7,28,266",CARDINAL,1,1861,0.686969361387966,566,tail
659,CARDINAL,1,1862,0.6873385012919897,567,tail
"6,389",CARDINAL,1,1863,0.6877076411960132,568,tail
"7,702",CARDINAL,1,1864,0.6880767811000369,569,tail
"6,040",CARDINAL,1,1865,0.6884459210040605,570,tail
"6,000,000",MONEY,1,1866,0.6888150609080842,571,tail
547,CARDINAL,1,1867,0.6891842008121077,572,tail
549,CARDINAL,1,1868,0.6895533407161314,573,tail
553,CARDINAL,1,1869,0.689922480620155,574,tail
"64,662",CARDINAL,1,1870,0.6902916205241787,575,tail
"61,968",MONEY,1,1871,0.6906607604282022,576,tail
557,CARDINAL,1,1872,0.6910299003322259,577,tail
august 1811,DATE,1,1873,0.6913990402362495,578,tail
about twenty-eight pounds,QUANTITY,1,1874,0.6917681801402732,579,tail
"about £.250,000",MONEY,1,1875,0.6921373200442967,580,tail
agnes,PERSON,1,1876,0.6925064599483204,581,tail
alonzo calkins,PERSON,1,1877,0.692875599852344,582,tail
american-owned,NORP,1,1878,0.6932447397563677,583,tail
about seven o’clock in the morning,TIME,1,1879,0.6936138796603913,584,tail
8icca rupees,MONEY,1,1880,0.6939830195644149,585,tail
"600,906",CARDINAL,1,1881,0.6943521594684385,586,tail
88° 28 east,QUANTITY,1,1882,0.6947212993724622,587,tail
"6,535",CARDINAL,1,1883,0.6950904392764858,588,tail
"6,593",CARDINAL,1,1884,0.6954595791805094,589,tail
"6,652",CARDINAL,1,1885,0.695828719084533,590,tail
"6,669.615",CARDINAL,1,1886,0.6961978589885567,591,tail
"6,887",CARDINAL,1,1887,0.6965669988925803,592,tail
556,CARDINAL,1,1888,0.6969361387966039,593,tail
559,CARDINAL,1,1889,0.6973052787006275,594,tail
"7,889",CARDINAL,1,1890,0.6976744186046512,595,tail
85,CARDINAL,1,1891,0.6980435585086748,596,tail
800,CARDINAL,1,1892,0.6984126984126984,597,tail
800,MONEY,1,1893,0.698781838316722,598,tail
755,CARDINAL,1,1894,0.6991509782207457,599,tail
"801,467",CARDINAL,1,1895,0.6995201181247693,600,tail
"83,200",CARDINAL,1,1896,0.6998892580287929,601,tail
834,CARDINAL,1,1897,0.7002583979328165,602,tail
859,CARDINAL,1,1898,0.7006275378368402,603,tail
"8,164",CARDINAL,1,1899,0.7009966777408638,604,tail
876,CARDINAL,1,1900,0.7013658176448874,605,tail
878,CARDINAL,1,1901,0.701734957548911,606,tail
885,CARDINAL,1,1902,0.7021040974529347,607,tail
815,CARDINAL,1,1903,0.7024732373569583,608,tail
"7,752",CARDINAL,1,1904,0.7028423772609819,609,tail
750/100,CARDINAL,1,1905,0.7032115171650055,610,tail
"8,288",CARDINAL,1,1906,0.7035806570690292,611,tail
8 per cent,PERCENT,1,1907,0.7039497969730528,612,tail
"56,894",CARDINAL,1,1908,0.7043189368770764,613,tail
"594,978",CARDINAL,1,1909,0.7046880767811,614,tail
"6,000,000 dollars",MONEY,1,1910,0.7050572166851237,615,tail
561,CARDINAL,1,1911,0.7054263565891473,616,tail
571,CARDINAL,1,1912,0.7057954964931709,617,tail
572,CARDINAL,1,1913,0.7061646363971945,618,tail
575,CARDINAL,1,1914,0.7065337763012182,619,tail
"580,000",CARDINAL,1,1915,0.7069029162052418,620,tail
"596,285",CARDINAL,1,1916,0.7072720561092654,621,tail
786,CARDINAL,1,1917,0.707641196013289,622,tail
"6,000,000",CARDINAL,1,1918,0.7080103359173127,623,tail
562,CARDINAL,1,1919,0.7083794758213363,624,tail
"89,688",CARDINAL,1,1920,0.70874861572536,625,tail
"7,713",CARDINAL,1,1921,0.7091177556293835,626,tail
"7,775",CARDINAL,1,1922,0.7094868955334072,627,tail
785,CARDINAL,1,1923,0.7098560354374308,628,tail
about this,DATE,1,1924,0.7102251753414545,629,tail
about six weeks,DATE,1,1925,0.710594315245478,630,tail
about one dollar and sixty-five cents,MONEY,1,1926,0.7109634551495017,631,tail
"9,525",CARDINAL,1,1927,0.7113325950535253,632,tail
a few months before,DATE,1,1928,0.711701734957549,633,tail
a few days,DATE,1,1929,0.7120708748615725,634,tail
"9,190",CARDINAL,1,1930,0.7124400147655962,635,tail
"9,310",CARDINAL,1,1931,0.7128091546696198,636,tail
"9,350",CARDINAL,1,1932,0.7131782945736435,637,tail
"9,506",CARDINAL,1,1933,0.713547434477667,638,tail
90 cash,MONEY,1,1934,0.7139165743816906,639,tail
a month or two,DATE,1,1935,0.7142857142857143,640,tail
900,MONEY,1,1936,0.714654854189738,641,tail
a few days previous,DATE,1,1937,0.7150239940937615,642,tail
"94,200",CARDINAL,1,1938,0.7153931339977851,643,tail
"96,839",CARDINAL,1,1939,0.7157622739018088,644,tail
"96,985",CARDINAL,1,1940,0.7161314138058325,645,tail
98,CARDINAL,1,1941,0.716500553709856,646,tail
about a inilion and a quarter,MONEY,1,1942,0.7168696936138796,647,tail
about a dozen,CARDINAL,1,1943,0.7172388335179033,648,tail
an -additional ten thousand,CARDINAL,1,1944,0.717607973421927,649,tail
a million of ticals,MONEY,1,1945,0.7179771133259505,650,tail
a few yeai,DATE,1,1946,0.7183462532299741,651,tail
a few years ago,DATE,1,1947,0.7187153931339978,652,tail
a hundred,CARDINAL,1,1948,0.7190845330380214,653,tail
a hundred thou- sand spanish dollars',MONEY,1,1949,0.719453672942045,654,tail
a hundred thousand,CARDINAL,1,1950,0.7198228128460686,655,tail
a macao portuguese,NORP,1,1951,0.7201919527500923,656,tail
a few weeks,DATE,1,1952,0.7205610926541159,657,tail
about 200,CARDINAL,1,1953,0.7209302325581395,658,tail
a minute or two,TIME,1,1954,0.7212993724621631,659,tail
a tael,QUANTITY,1,1955,0.7216685123661868,660,tail
a year,DATE,1,1956,0.7220376522702104,661,tail
a. s. thelwall,PERSON,1,1957,0.722406792174234,662,tail
a11,CARDINAL,1,1958,0.7227759320782576,663,tail
about 150 lbs,QUANTITY,1,1959,0.7231450719822813,664,tail
999,CARDINAL,1,1960,0.7235142118863049,665,tail
^ chow,PERSON,1,1961,0.7238833517903286,666,tail
^ per cent,PERCENT,1,1962,0.7242524916943521,667,tail
amherst,PRODUCT,1,1963,0.7246216315983758,668,tail
ashley,PERSON,1,1964,0.7249907715023994,669,tail
at least thirty millions,CARDINAL,1,1965,0.7253599114064231,670,tail
atmaoao,ORG,1,1966,0.7257290513104466,671,tail
"april, 1838",DATE,1,1967,0.7260981912144703,672,tail
about a thousand square miles,QUANTITY,1,1968,0.7264673311184939,673,tail
an hour,TIME,1,1969,0.7268364710225176,674,tail
about an hundred,CARDINAL,1,1970,0.7272056109265411,675,tail
a court of wards,ORG,1,1971,0.7275747508305648,676,tail
about fifty,CARDINAL,1,1972,0.7279438907345884,677,tail
about five,CARDINAL,1,1973,0.7283130306386121,678,tail
about five feet ten,QUANTITY,1,1974,0.7286821705426356,679,tail
about half,CARDINAL,1,1975,0.7290513104466593,680,tail
about nine o’clock,TIME,1,1976,0.7294204503506829,681,tail
about noon,TIME,1,1977,0.7297895902547066,682,tail
arrow,PERSON,1,1978,0.7301587301587301,683,tail
ariel,PRODUCT,1,1979,0.7305278700627538,684,tail
arabic,NORP,1,1980,0.7308970099667774,685,tail
arabian and persian gulfs,LOC,1,1981,0.7312661498708011,686,tail
april 2d,DATE,1,1982,0.7316352897748246,687,tail
an hour or two,TIME,1,1983,0.7320044296788483,688,tail
april 22d,DATE,1,1984,0.7323735695828719,689,tail
appendix,ORG,1,1985,0.7327427094868956,690,tail
appendix,LAW,1,1986,0.7331118493909191,691,tail
anunghoy,GPE,1,1987,0.7334809892949428,692,tail
ann,PRODUCT,1,1988,0.7338501291989664,693,tail
and,ORG,1,1989,0.7342192691029901,694,tail
an ounce,QUANTITY,1,1990,0.7345884090070136,695,tail
about a year and a half,DATE,1,1991,0.7349575489110373,696,tail
about a mile,QUANTITY,1,1992,0.7353266888150609,697,tail
9,CARDINAL,1,1993,0.7356958287190846,698,tail
"94,899",CARDINAL,1,1994,0.7360649686231081,699,tail
750,CARDINAL,1,1995,0.7364341085271318,700,tail
"7,898,924",MONEY,1,1996,0.7368032484311554,701,tail
christianity,ORG,1,1997,0.7371723883351791,702,tail
crawfurd,PERSON,1,1998,0.7375415282392026,703,tail
fo,GPE,1,1999,0.7379106681432263,704,tail
fokie,PERSON,1,2000,0.7382798080472499,705,tail
fokien,GPE,1,2001,0.7386489479512736,706,tail
foochow,GPE,1,2002,0.7390180878552972,707,tail
five and a half feet square,QUANTITY,1,2003,0.7393872277593208,708,tail
autumn,DATE,1,2004,0.7397563676633444,709,tail
consoo-hall,FAC,1,2005,0.7401255075673681,710,tail
five pints,QUANTITY,1,2006,0.7404946474713917,711,tail
brit,NORP,1,2007,0.7408637873754153,712,tail
browning,PERSON,1,2008,0.7412329272794389,713,tail
brunei,GPE,1,2009,0.7416020671834626,714,tail
bugcsses,NORP,1,2010,0.7419712070874862,715,tail
buggess,NORP,1,2011,0.7423403469915097,716,tail
buggess,ORG,1,2012,0.7427094868955334,717,tail
five thousand dollars,MONEY,1,2013,0.743078626799557,718,tail
five per cent.,PERCENT,1,2014,0.7434477667035807,719,tail
bri- tish,NORP,1,2015,0.7438169066076042,720,tail
f. s. turner,PERSON,1,2016,0.7441860465116279,721,tail
g. robinson,PERSON,1,2017,0.7445551864156515,722,tail
ganges,LOC,1,2018,0.7449243263196752,723,tail
fuh chow-foo,ORG,1,2019,0.7452934662236987,724,tail
"evening of wednesday, the",TIME,1,2020,0.7456626061277224,725,tail
forty,CARDINAL,1,2021,0.746031746031746,726,tail
fooyuen,ORG,1,2022,0.7464008859357697,727,tail
fairy,PRODUCT,1,2023,0.7467700258397932,728,tail
fifty-seven,CARDINAL,1,2024,0.7471391657438169,729,tail
february 26th,DATE,1,2025,0.7475083056478405,730,tail
february and march,DATE,1,2026,0.7478774455518642,731,tail
"february, 1810",DATE,1,2027,0.7482465854558877,732,tail
fifteen,CARDINAL,1,2028,0.7486157253599114,733,tail
fifth,ORDINAL,1,2029,0.748984865263935,734,tail
formosa,GPE,1,2030,0.7493540051679587,735,tail
buggesses,LOC,1,2031,0.7497231450719822,736,tail
burmans,NORP,1,2032,0.7500922849760059,737,tail
"7,969",CARDINAL,1,2033,0.7504614248800295,738,tail
bocca tigris,LOC,1,2034,0.7508305647840532,739,tail
between 1803-08,DATE,1,2035,0.7511997046880767,740,tail
between four hundred and five hundred,CARDINAL,1,2036,0.7515688445921004,741,tail
bi-monthly,DATE,1,2037,0.751937984496124,742,tail
blake,PERSON,1,2038,0.7523071244001477,743,tail
board,ORG,1,2039,0.7526762643041712,744,tail
boards,ORG,1,2040,0.7530454042081949,745,tail
bogne,FAC,1,2041,0.7534145441122185,746,tail
behar,GPE,1,2042,0.7537836840162422,747,tail
between 1834-39,DATE,1,2043,0.7541528239202658,748,tail
court,ORG,1,2044,0.7545219638242894,749,tail
canton city,GPE,1,2045,0.754891103728313,750,tail
caravansary,FAC,1,2046,0.7552602436323367,751,tail
choo-tsun,PERSON,1,2047,0.7556293835363603,752,tail
chow-nin,PERSON,1,2048,0.7559985234403839,753,tail
bomhay,GPE,1,2049,0.7563676633444075,754,tail
bangkok,GPE,1,2050,0.7567368032484312,755,tail
"c. 250,000",MONEY,1,2051,0.7571059431524548,756,tail
c. 1,MONEY,1,2052,0.7574750830564784,757,tail
caleb cushing,PERSON,1,2053,0.757844222960502,758,tail
calicut,GPE,1,2054,0.7582133628645257,759,tail
california,GPE,1,2055,0.7585825027685493,760,tail
cal¬ cutta,GPE,1,2056,0.7589516426725729,761,tail
cambay,GPE,1,2057,0.7593207825765965,762,tail
can- ton,ORG,1,2058,0.7596899224806202,763,tail
canada,GPE,1,2059,0.7600590623846438,764,tail
bally,GPE,1,2060,0.7604282022886674,765,tail
boston,GPE,1,2061,0.760797342192691,766,tail
bogue,FAC,1,2062,0.7611664820967147,767,tail
avliere,GPE,1,2063,0.7615356220007383,768,tail
b. g. robinson,PERSON,1,2064,0.7619047619047619,769,tail
baber,PERSON,1,2065,0.7622739018087855,770,tail
ball,PERSON,1,2066,0.7626430417128092,771,tail
g. b. robinson,PERSON,1,2067,0.7630121816168328,772,tail
g.,PERSON,1,2068,0.7633813215208564,773,tail
fung a-ngan,PERSON,1,2069,0.76375046142488,774,tail
early in the morning,TIME,1,2070,0.7641196013289037,775,tail
east india,ORG,1,2071,0.7644887412329273,776,tail
east india company's,ORG,1,2072,0.7648578811369509,777,tail
eastern mongolia,LOC,1,2073,0.7652270210409745,778,tail
eemarks,GPE,1,2074,0.7655961609449982,779,tail
eeports of the hospitals,WORK_OF_ART,1,2075,0.7659653008490218,780,tail
eigh- teen,CARDINAL,1,2076,0.7663344407530454,781,tail
eight drams,QUANTITY,1,2077,0.766703580657069,782,tail
average years,DATE,1,2078,0.7670727205610927,783,tail
'solitary nail,LOC,1,2079,0.7674418604651163,784,tail
eighteen months before,DATE,1,2080,0.7678110003691399,785,tail
eighty,CARDINAL,1,2081,0.7681801402731635,786,tail
eighty,DATE,1,2082,0.7685492801771872,787,tail
ellenborongh,PERSON,1,2083,0.7689184200812108,788,tail
empire,ORG,1,2084,0.7692875599852345,789,tail
east,LOC,1,2085,0.769656699889258,790,tail
"august 9, 1851",DATE,1,2086,0.7700258397932817,791,tail
fuhkien,GPE,1,2087,0.7703949796973053,792,tail
720/100,CARDINAL,1,2088,0.770764119601329,793,tail
"7,978",CARDINAL,1,2089,0.7711332595053525,794,tail
"7,98,412",CARDINAL,1,2090,0.7715023994093761,795,tail
70 cash,MONEY,1,2091,0.7718715393133998,796,tail
"70,760",CARDINAL,1,2092,0.7722406792174235,797,tail
750,MONEY,1,2093,0.772609819121447,798,tail
27th september,DATE,1,2094,0.7729789590254706,799,tail
721,CARDINAL,1,2095,0.7733480989294943,800,tail
"546,567",CARDINAL,1,2096,0.773717238833518,801,tail
"725,895",CARDINAL,1,2097,0.7740863787375415,802,tail
73,CARDINAL,1,2098,0.7744555186415651,803,tail
75,CARDINAL,1,2099,0.7748246585455888,804,tail
"75,082",CARDINAL,1,2100,0.7751937984496124,805,tail
"75,87,617",CARDINAL,1,2101,0.775562938353636,806,tail
"700,000",MONEY,1,2102,0.7759320782576596,807,tail
england,PERSON,1,2103,0.7763012181616833,808,tail
eight hundred pounds sterling,MONEY,1,2104,0.776670358065707,809,tail
englishman,WORK_OF_ART,1,2105,0.7770394979697305,810,tail
four hundred le,MONEY,1,2106,0.7774086378737541,811,tail
de quincy,PERSON,1,2107,0.7777777777777778,812,tail
cruizer,PRODUCT,1,2108,0.7781469176818014,813,tail
euro- peans,NORP,1,2109,0.778516057585825,814,tail
f. maitland,PERSON,1,2110,0.7788851974898486,815,tail
forty-eight,DATE,1,2111,0.7792543373938723,816,tail
four days,DATE,1,2112,0.7796234772978959,817,tail
fourteen or fifteen,CARDINAL,1,2113,0.7799926172019195,818,tail
eajah,PERSON,1,2114,0.7803617571059431,819,tail
fourthly,ORDINAL,1,2115,0.7807308970099668,820,tail
from 800 to 1000,CARDINAL,1,2116,0.7811000369139904,821,tail
fu mun,LOC,1,2117,0.781469176818014,822,tail
forty or fifty miles,QUANTITY,1,2118,0.7818383167220376,823,tail
fuh chow,LOC,1,2119,0.7822074566260613,824,tail
fuhkeen,GPE,1,2120,0.7825765965300849,825,tail
duke of wellington,PERSON,1,2121,0.7829457364341085,826,tail
drew,PERSON,1,2122,0.7833148763381321,827,tail
dol- lar,MONEY,1,2123,0.7836840162421558,828,tail
dent & co,ORG,1,2124,0.7840531561461794,829,tail
demaun,PRODUCT,1,2125,0.784422296050203,830,tail
"december 3, 1 838",DATE,1,2126,0.7847914359542266,831,tail
december 1836,DATE,1,2127,0.7851605758582503,832,tail
datoo muluk,PERSON,1,2128,0.7855297157622739,833,tail
e. martin,PERSON,1,2129,0.7858988556662976,834,tail
daniell,PERSON,1,2130,0.7862679955703211,835,tail
danesborg,PRODUCT,1,2131,0.7866371354743448,836,tail
damaum,GPE,1,2132,0.7870062753783684,837,tail
dadabhoy eustomjee,PERSON,1,2133,0.7873754152823921,838,tail
custom-house,ORG,1,2134,0.7877445551864156,839,tail
cup-chee,LOC,1,2135,0.7881136950904393,840,tail
cuap,ORG,1,2136,0.7884828349944629,841,tail
e,PERSON,1,2137,0.7888519748984866,842,tail
278,CARDINAL,1,2138,0.7892211148025101,843,tail
one thousand and thirty-seven,CARDINAL,1,2139,0.7895902547065338,844,tail
280,CARDINAL,1,2140,0.7899593946105574,845,tail
tumangong,ORG,1,2141,0.7903285345145811,846,tail
tsai-li,EVENT,1,2142,0.7906976744186046,847,tail
kinchae,ORG,1,2143,0.7910668143226283,848,tail
kin-tang,LOC,1,2144,0.7914359542266519,849,tail
kin-chae's',PERSON,1,2145,0.7918050941306756,850,tail
tucker,PERSON,1,2146,0.7921742340346991,851,tail
kin-chae,PERSON,1,2147,0.7925433739387228,852,tail
kiangnan,GPE,1,2148,0.7929125138427464,853,tail
kingdom,ORG,1,2149,0.7932816537467701,854,tail
kiakhta,GPE,1,2150,0.7936507936507936,855,tail
turkestan,GPE,1,2151,0.7940199335548173,856,tail
kesben,PERSON,1,2152,0.7943890734588409,857,tail
keang-soo,GPE,1,2153,0.7947582133628646,858,tail
kambojans,PRODUCT,1,2154,0.7951273532668881,859,tail
junk-ceylon,GPE,1,2155,0.7954964931709118,860,tail
kingdom,LOC,1,2156,0.7958656330749354,861,tail
the previous year,DATE,1,2157,0.7962347729789591,862,tail
journal of glaubers,WORK_OF_ART,1,2158,0.7966039128829826,863,tail
virginia,GPE,1,2159,0.7969730527870063,864,tail
ilepburn,PERSON,1,2160,0.7973421926910299,865,tail
vang-tse-kiang,LOC,1,2161,0.7977113325950536,866,tail
ijord elgin’s treaty,LAW,1,2162,0.7980804724990771,867,tail
village,ORG,1,2163,0.7984496124031008,868,tail
ijor,PERSON,1,2164,0.7988187523071244,869,tail
jews,NORP,1,2165,0.799187892211148,870,tail
john,PERSON,1,2166,0.7995570321151716,871,tail
treasury,ORG,1,2167,0.7999261720191952,872,tail
john hob- house,PERSON,1,2168,0.8002953119232189,873,tail
to-day,DATE,1,2169,0.8006644518272426,874,tail
toong-koo,LOC,1,2170,0.8010335917312662,875,tail
kiu-tang,GPE,1,2171,0.8014027316352897,876,tail
tournon,PERSON,1,2172,0.8017718715393134,877,tail
kishen,PERSON,1,2173,0.802141011443337,878,tail
july 20th,DATE,1,2174,0.8025101513473607,879,tail
twelve,CARDINAL,1,2175,0.8028792912513842,880,tail
yre-mass,GPE,1,2176,0.8032484311554079,881,tail
haikwan,GPE,1,2177,0.8036175710594315,882,tail
han shaoukiug,PERSON,1,2178,0.8039867109634552,883,tail
half an ounce,QUANTITY,1,2179,0.8043558508674787,884,tail
yang-tso- kiang,LOC,1,2180,0.8047249907715024,885,tail
yangtsz’,LOC,1,2181,0.805094130675526,886,tail
year,DATE,1,2182,0.8054632705795497,887,tail
years,DATE,1,2183,0.8058324104835732,888,tail
hae-tan,LOC,1,2184,0.8062015503875969,889,tail
hang-chau,GPE,1,2185,0.8065706902916205,890,tail
h. pottinger,PERSON,1,2186,0.8069398301956442,891,tail
h. h. kane,PERSON,1,2187,0.8073089700996677,892,tail
gutzlaffs,PERSON,1,2188,0.8076781100036914,893,tail
yellow river,LOC,1,2189,0.808047249907715,894,tail
yen-chow-foo,PERSON,1,2190,0.8084163898117387,895,tail
young'i,PERSON,1,2191,0.8087855297157622,896,tail
yang-tse-kiang river,LOC,1,2192,0.8091546696197859,897,tail
yang-tse-kiang,LOC,1,2193,0.8095238095238095,898,tail
twenty thousand two hundred and eighty-three,CARDINAL,1,2194,0.8098929494278332,899,tail
heu-naetse,PERSON,1,2195,0.8102620893318567,900,tail
john r. mort ison,PERSON,1,2196,0.8106312292358804,901,tail
john law- rence,PERSON,1,2197,0.811000369139904,902,tail
twenty-five degrees,QUANTITY,1,2198,0.8113695090439277,903,tail
klying,ORG,1,2199,0.8117386489479512,904,tail
hyrcania,GPE,1,2200,0.8121077888519749,905,tail
vol,GPE,1,2201,0.8124769287559985,906,tail
heu-kew,PERSON,1,2202,0.8128460686600222,907,tail
hankow,GPE,1,2203,0.8132152085640457,908,tail
xxiii,CARDINAL,1,2204,0.8135843484680694,909,tail
her majesty's government,ORG,1,2205,0.813953488372093,910,tail
xxxix appendix,LAW,1,2206,0.8143226282761167,911,tail
hdng,GPE,1,2207,0.8146917681801402,912,tail
hart,PERSON,1,2208,0.8150609080841639,913,tail
yang-mae,LOC,1,2209,0.8154300479881875,914,tail
ilio,PERSON,1,2210,0.8157991878922112,915,tail
ilis,PERSON,1,2211,0.8161683277962348,916,tail
imperial,NORP,1,2212,0.8165374677002584,917,tail
six o'clock of that day,TIME,1,2213,0.816906607604282,918,tail
sixteen years before,DATE,1,2214,0.8172757475083057,919,tail
the consoo house,FAC,1,2215,0.8176448874123293,920,tail
the court of directors,ORG,1,2216,0.8180140273163529,921,tail
the custom house,ORG,1,2217,0.8183831672203765,922,tail
six o’clock this day,TIME,1,2218,0.8187523071244002,923,tail
the customs special report on opium,WORK_OF_ART,1,2219,0.8191214470284238,924,tail
six millions of dollars,MONEY,1,2220,0.8194905869324474,925,tail
some,CARDINAL,1,2221,0.819859726836471,926,tail
six millions,CARDINAL,1,2222,0.8202288667404947,927,tail
million and a half sterling,MONEY,1,2223,0.8205980066445183,928,tail
six million dollars,MONEY,1,2224,0.8209671465485419,929,tail
singua,GPE,1,2225,0.8213362864525655,930,tail
the dragon boat festival,EVENT,1,2226,0.8217054263565892,931,tail
the east coast,LOC,1,2227,0.8220745662606128,932,tail
sixth,ORDINAL,1,2228,0.8224437061646364,933,tail
some months,DATE,1,2229,0.82281284606866,934,tail
upwards of a million,CARDINAL,1,2230,0.8231819859726837,935,tail
the his- tory of formosa,WORK_OF_ART,1,2231,0.8235511258767073,936,tail
the gulf of leaou-tung,LOC,1,2232,0.8239202657807309,937,tail
several millions of taels,MONEY,1,2233,0.8242894056847545,938,tail
several millions,CARDINAL,1,2234,0.8246585455887782,939,tail
several barrels,QUANTITY,1,2235,0.8250276854928018,940,tail
seventh,ORDINAL,1,2236,0.8253968253968254,941,tail
the han dynasty,DATE,1,2237,0.825765965300849,942,tail
seuenchow,GPE,1,2238,0.8261351052048727,943,tail
some ten years since,DATE,1,2239,0.8265042451088963,944,tail
"september, 1821",DATE,1,2240,0.8268733850129198,945,tail
shingking,GPE,1,2241,0.8272425249169435,946,tail
shroffs,PERSON,1,2242,0.8276116648209672,947,tail
the eastern islands,LOC,1,2243,0.8279808047249908,948,tail
the east indies,LOC,1,2244,0.8283499446290143,949,tail
the chinese empire,GPE,1,2245,0.828719084533038,950,tail
singa^ pore,GPE,1,2246,0.8290882244370616,951,tail
sing-hoo,PERSON,1,2247,0.8294573643410853,952,tail
sin-shun,PERSON,1,2248,0.8298265042451088,953,tail
j. r. morribon,PERSON,1,2249,0.8301956441491325,954,tail
janton,PERSON,1,2250,0.8305647840531561,955,tail
twenty-five years,DATE,1,2251,0.8309339239571798,956,tail
two,DATE,1,2252,0.8313030638612035,957,tail
two and a half,CARDINAL,1,2253,0.831672203765227,958,tail
james brooke,PERSON,1,2254,0.8320413436692506,959,tail
jaffnapatam,GPE,1,2255,0.8324104835732743,960,tail
j ohn davis,PERSON,1,2256,0.832779623477298,961,tail
silver island,LOC,1,2257,0.8331487633813215,962,tail
two centuries,DATE,1,2258,0.8335179032853451,963,tail
two centuries ago,DATE,1,2259,0.8338870431893688,964,tail
island,LOC,1,2260,0.8342561830933924,965,tail
two dollars,MONEY,1,2261,0.834625322997416,966,tail
indies,LOC,1,2262,0.8349944629014396,967,tail
two hundred tons,QUANTITY,1,2263,0.8353636028054633,968,tail
jardine,PERSON,1,2264,0.8357327427094869,969,tail
"jardine, matheson & co",ORG,1,2265,0.8361018826135105,970,tail
java,GPE,1,2266,0.8364710225175341,971,tail
java,LOC,1,2267,0.8368401624215578,972,tail
java,ORG,1,2268,0.8372093023255814,973,tail
jehanghir khajah,PERSON,1,2269,0.837578442229605,974,tail
mends,PERSON,1,2270,0.8379475821336286,975,tail
momparva,ORG,1,2271,0.8383167220376523,976,tail
mill,PERSON,1,2272,0.8386858619416759,977,tail
the day,DATE,1,2273,0.8390550018456995,978,tail
siamese,NORP,1,2274,0.8394241417497231,979,tail
sicca,GPE,1,2275,0.8397932816537468,980,tail
sicca,PERSON,1,2276,0.8401624215577704,981,tail
the east india company's,ORG,1,2277,0.840531561461794,982,tail
sicca rupees,MONEY,1,2278,0.8409007013658176,983,tail
"sicca rupees 11,63,835",MONEY,1,2279,0.8412698412698413,984,tail
the east in- dia company,ORG,1,2280,0.8416389811738649,985,tail
grand canal,FAC,1,2281,0.8420081210778885,986,tail
gover- nor lu,ORG,1,2282,0.8423772609819121,987,tail
281,CARDINAL,1,2283,0.8427464008859358,988,tail
manchubia,LOC,1,2284,0.8431155407899594,989,tail
the spring and summer months,DATE,1,2285,0.843484680693983,990,tail
the straits of malacca,LOC,1,2286,0.8438538205980066,991,tail
mandarin,LANGUAGE,1,2287,0.8442229605020303,992,tail
the treaty of nanking,LAW,1,2288,0.8445921004060539,993,tail
manchuria,LOC,1,2289,0.8449612403100775,994,tail
manchuria,GPE,1,2290,0.8453303802141011,995,tail
manchu,NORP,1,2291,0.8456995201181248,996,tail
many thousand,CARDINAL,1,2292,0.8460686600221484,997,tail
loch,PERSON,1,2293,0.8464377999261721,998,tail
lish,NORP,1,2294,0.8468069398301956,999,tail
the begin- ning of the present season,DATE,1,2295,0.8471760797342193,1000,tail
lintin,PERSON,1,2296,0.8475452196382429,1001,tail
lin-tiii,GPE,1,2297,0.8479143595422666,1002,tail
lin wei-hi,PERSON,1,2298,0.8482834994462901,1003,tail
manner of smoking opium,PRODUCT,1,2299,0.8486526393503138,1004,tail
the sooloo archipelago,LOC,1,2300,0.8490217792543374,1005,tail
liintin,GPE,1,2301,0.8493909191583611,1006,tail
matheson,PERSON,1,2302,0.8497600590623846,1007,tail
mdayan,NORP,1,2303,0.8501291989664083,1008,tail
mckean,PERSON,1,2304,0.8504983388704319,1009,tail
"may, 1844",DATE,1,2305,0.8508674787744556,1010,tail
may 21st,DATE,1,2306,0.8512366186784791,1011,tail
maxwell,PERSON,1,2307,0.8516057585825028,1012,tail
mauo,GPE,1,2308,0.8519748984865264,1013,tail
march 27 th,DATE,1,2309,0.8523440383905501,1014,tail
the six millions of dollars,MONEY,1,2310,0.8527131782945736,1015,tail
march 27,DATE,1,2311,0.8530823181985973,1016,tail
the sacrificial court,ORG,1,2312,0.8534514581026209,1017,tail
march 18th,DATE,1,2313,0.8538205980066446,1018,tail
the same day,DATE,1,2314,0.8541897379106681,1019,tail
the select committee,ORG,1,2315,0.8545588778146918,1020,tail
marawan,GPE,1,2316,0.8549280177187154,1021,tail
lin,GPE,1,2317,0.8552971576227391,1022,tail
this day,DATE,1,2318,0.8556662975267626,1023,tail
hfi nai-tsi,PERSON,1,2319,0.8560354374307863,1024,tail
ling ting,LOC,1,2320,0.8564045773348099,1025,tail
kum- sing-moan,GPE,1,2321,0.8567737172388336,1026,tail
ko-long-soo,GPE,1,2322,0.8571428571428571,1027,tail
ko seping*s,PERSON,1,2323,0.8575119970468807,1028,tail
three months,DATE,1,2324,0.8578811369509044,1029,tail
lin4in,GPE,1,2325,0.858250276854928,1030,tail
lien-chowy,GPE,1,2326,0.8586194167589516,1031,tail
lingin,LOC,1,2327,0.8589885566629752,1032,tail
kwang,PERSON,1,2328,0.8593576965669989,1033,tail
three,DATE,1,2329,0.8597268364710225,1034,tail
three inches,QUANTITY,1,2330,0.8600959763750461,1035,tail
thorn,PERSON,1,2331,0.8604651162790697,1036,tail
lintin,LOC,1,2332,0.8608342561830934,1037,tail
three hundred,CARDINAL,1,2333,0.861203396087117,1038,tail
this month,DATE,1,2334,0.8615725359911407,1039,tail
kwan-chung-tsze,GPE,1,2335,0.8619416758951642,1040,tail
"to 15,000",CARDINAL,1,2336,0.8623108157991879,1041,tail
lethe,LOC,1,2337,0.8626799557032115,1042,tail
ting- hai,GPE,1,2338,0.8630490956072352,1043,tail
leh-kong,GPE,1,2339,0.8634182355112587,1044,tail
leaoo-tung,GPE,1,2340,0.8637873754152824,1045,tail
three tens and six,CARDINAL,1,2341,0.864156515319306,1046,tail
tientsin,PERSON,1,2342,0.8645256552233297,1047,tail
lark’s bay,LOC,1,2343,0.8648947951273532,1048,tail
times,ORG,1,2344,0.8652639350313769,1049,tail
lankeet island,LOC,1,2345,0.8656330749354005,1050,tail
tinghai,GPE,1,2346,0.8660022148394242,1051,tail
ting-hae,GPE,1,2347,0.8663713547434477,1052,tail
kwoh si-ping,PERSON,1,2348,0.8667404946474714,1053,tail
kwantung,GPE,1,2349,0.867109634551495,1054,tail
kwangtung prov- ince,GPE,1,2350,0.8674787744555187,1055,tail
kwangtung,GPE,1,2351,0.8678479143595422,1056,tail
kwang-tung,GPE,1,2352,0.8682170542635659,1057,tail
medhurst,PERSON,1,2353,0.8685861941675895,1058,tail
medical missionary in china,PERSON,1,2354,0.8689553340716132,1059,tail
melbourne,PERSON,1,2355,0.8693244739756367,1060,tail
honan province,GPE,1,2356,0.8696936138796604,1061,tail
woo,PERSON,1,2357,0.870062753783684,1062,tail
woo-sung,PERSON,1,2358,0.8704318936877077,1063,tail
hong,PERSON,1,2359,0.8708010335917312,1064,tail
worship- ping island,LOC,1,2360,0.8711701734957549,1065,tail
wusung,GPE,1,2361,0.8715393133997785,1066,tail
xamoa,GPE,1,2362,0.8719084533038022,1067,tail
holt mackenzie,PERSON,1,2363,0.8722775932078257,1068,tail
whiff of the opium pipe,WORK_OF_ART,1,2364,0.8726467331118494,1069,tail
ho lankin,PERSON,1,2365,0.873015873015873,1070,tail
ho lan-kin,PERSON,1,2366,0.8733850129198967,1071,tail
hnidostan,GPE,1,2367,0.8737541528239202,1072,tail
hli nai-tsi,PERSON,1,2368,0.8741232927279439,1073,tail
hindoos,NORP,1,2369,0.8744924326319675,1074,tail
xix,CARDINAL,1,2370,0.8748615725359912,1075,tail
winter,DATE,1,2371,0.8752307124400147,1076,tail
hong*kong.,GPE,1,2372,0.8755998523440384,1077,tail
manchester,GPE,1,2373,0.875968992248062,1078,tail
hourly,TIME,1,2374,0.8763381321520857,1079,tail
hupeh,LOC,1,2375,0.8767072720561092,1080,tail
xxii.,CARDINAL,1,2376,0.8770764119601329,1081,tail
xx,CARDINAL,1,2377,0.8774455518641565,1082,tail
hugh gough,PERSON,1,2378,0.8778146917681802,1083,tail
howqua,PERSON,1,2379,0.8781838316722038,1084,tail
w. s. wetmore,PERSON,1,2380,0.8785529715762274,1085,tail
houqua,PERSON,1,2381,0.878922111480251,1086,tail
whampoa,PRODUCT,1,2382,0.8792912513842747,1087,tail
hoopih,GPE,1,2383,0.8796603912882983,1088,tail
wallace,PERSON,1,2384,0.8800295311923219,1089,tail
wan,PERSON,1,2385,0.8803986710963455,1090,tail
western india,LOC,1,2386,0.8807678110003692,1091,tail
wetmore,PERSON,1,2387,0.8811369509043928,1092,tail
hong- kong,GPE,1,2388,0.8815060908084164,1093,tail
hii nai-tsi,PERSON,1,2389,0.88187523071244,1094,tail
klying,PERSON,1,2390,0.8822443706164637,1095,tail
kingpo,GPE,1,2391,0.8826135105204873,1096,tail
m. de lagreno,PERSON,1,2392,0.8829826504245109,1097,tail
thelvialps,PERSON,1,2393,0.8833517903285345,1098,tail
m6i,CARDINAL,1,2394,0.8837209302325582,1099,tail
thirty,CARDINAL,1,2395,0.8840900701365818,1100,tail
"to 25,000",CARDINAL,1,2396,0.8844592100406053,1101,tail
thirty or forty years,DATE,1,2397,0.884828349944629,1102,tail
thirty taels,MONEY,1,2398,0.8851974898486527,1103,tail
m 162,FAC,1,2399,0.8855666297526763,1104,tail
ko seping,PERSON,1,2400,0.8859357696566998,1105,tail
lushington,PERSON,1,2401,0.8863049095607235,1106,tail
this and the previous year,DATE,1,2402,0.8866740494647471,1107,tail
loch’s events in china,WORK_OF_ART,1,2403,0.8870431893687708,1108,tail
macassar,GPE,1,2404,0.8874123292727943,1109,tail
manas,LOC,1,2405,0.887781469176818,1110,tail
mancharia,GPE,1,2406,0.8881506090808416,1111,tail
ma- layan,NORP,1,2407,0.8885197489848653,1112,tail
the yellow river,LOC,1,2408,0.8888888888888888,1113,tail
the years 1795-6 to 1805-6 inclusive,DATE,1,2409,0.8892580287929125,1114,tail
malwarries,ORG,1,2410,0.8896271686969361,1115,tail
madras,GPE,1,2411,0.8899963086009598,1116,tail
mahe isle,LOC,1,2412,0.8903654485049833,1117,tail
mahometan,NORP,1,2413,0.890734588409007,1118,tail
malacca,GPE,1,2414,0.8911037283130306,1119,tail
the year 1849,DATE,1,2415,0.8914728682170543,1120,tail
malay peninsula,LOC,1,2416,0.8918420081210778,1121,tail
the year 1838,DATE,1,2417,0.8922111480251015,1122,tail
malwa,GPE,1,2418,0.8925802879291251,1123,tail
the two centuries,DATE,1,2419,0.8929494278331488,1124,tail
the tsai-li society,ORG,1,2420,0.8933185677371724,1125,tail
malwa,LOC,1,2421,0.893687707641196,1126,tail
malwa,PERSON,1,2422,0.8940568475452196,1127,tail
malwah,GPE,1,2423,0.8944259874492433,1128,tail
several thousand,CARDINAL,1,2424,0.8947951273532669,1129,tail
the government of india,ORG,1,2425,0.8951642672572905,1130,tail
several^thousand myriad myriads,CARDINAL,1,2426,0.8955334071613141,1131,tail
only,CARDINAL,1,2427,0.8959025470653378,1132,tail
opium station,FAC,1,2428,0.8962716869693614,1133,tail
opium smokiny,FAC,1,2429,0.896640826873385,1134,tail
opium and the opium appetite,WORK_OF_ART,1,2430,0.8970099667774086,1135,tail
"the minute of the 14th of may, 1841",WORK_OF_ART,1,2431,0.8973791066814323,1136,tail
only 90 tons,QUANTITY,1,2432,0.8977482465854559,1137,tail
only 5 per cent,PERCENT,1,2433,0.8981173864894795,1138,tail
one-third,CARDINAL,1,2434,0.8984865263935031,1139,tail
the middle of the month of june,DATE,1,2435,0.8988556662975268,1140,tail
the manchu dynasty,DATE,1,2436,0.8992248062015504,1141,tail
one- third,CARDINAL,1,2437,0.899593946105574,1142,tail
port cornwallis,FAC,1,2438,0.8999630860095976,1143,tail
the malay peninsula,LOC,1,2439,0.9003322259136213,1144,tail
"the idth october, 1841",DATE,1,2440,0.9007013658176449,1145,tail
the imperial government,ORG,1,2441,0.9010705057216685,1146,tail
or three,CARDINAL,1,2442,0.9014396456256921,1147,tail
ouehterlony,PERSON,1,2443,0.9018087855297158,1148,tail
scores of years,DATE,1,2444,0.9021779254337394,1149,tail
the middle kingdom,FAC,1,2445,0.902547065337763,1150,tail
petche-li,GPE,1,2446,0.9029162052417866,1151,tail
persian,NORP,1,2447,0.9032853451458103,1152,tail
persia,GPE,1,2448,0.9036544850498339,1153,tail
pere gabet,PERSON,1,2449,0.9040236249538575,1154,tail
penang,GPE,1,2450,0.9043927648578811,1155,tail
the medical missionaey,ORG,1,2451,0.9047619047619048,1156,tail
pek,GPE,1,2452,0.9051310446659284,1157,tail
palembang,GPE,1,2453,0.905500184569952,1158,tail
payees,NORP,1,2454,0.9058693244739756,1159,tail
patnu,GPE,1,2455,0.9062384643779993,1160,tail
patnoy benaresf,PRODUCT,1,2456,0.9066076042820229,1161,tail
parthia,LOC,1,2457,0.9069767441860465,1162,tail
parsees,NORP,1,2458,0.9073458840900701,1163,tail
paris,GPE,1,2459,0.9077150239940938,1164,tail
scriptures,WORK_OF_ART,1,2460,0.9080841638981174,1165,tail
scinde,GPE,1,2461,0.9084533038021411,1166,tail
seychelle,NORP,1,2462,0.9088224437061646,1167,tail
secondary,ORDINAL,1,2463,0.9091915836101883,1168,tail
prince of wales's island,GPE,1,2464,0.9095607235142119,1169,tail
prince alfred,PERSON,1,2465,0.9099298634182356,1170,tail
priestman,PERSON,1,2466,0.9102990033222591,1171,tail
the legislative council,ORG,1,2467,0.9106681432262828,1172,tail
the mabomedan tartar war,EVENT,1,2468,0.9110372831303064,1173,tail
port may,LOC,1,2469,0.9114064230343301,1174,tail
one year,DATE,1,2470,0.9117755629383536,1175,tail
prussian,NORP,1,2471,0.9121447028423773,1176,tail
"nearly $750,000",MONEY,1,2472,0.9125138427464009,1177,tail
near 500,CARDINAL,1,2473,0.9128829826504246,1178,tail
narrative,WORK_OF_ART,1,2474,0.9132521225544481,1179,tail
the opium question,WORK_OF_ART,1,2475,0.9136212624584718,1180,tail
napier,ORG,1,2476,0.9139904023624954,1181,tail
nanking treaty,LAW,1,2477,0.914359542266519,1182,tail
prince of wales’s island,LOC,1,2478,0.9147286821705426,1183,tail
pule pinang,GPE,1,2479,0.9150978220745662,1184,tail
samboangan,GPE,1,2480,0.9154669619785899,1185,tail
romish,NORP,1,2481,0.9158361018826136,1186,tail
saigun,GPE,1,2482,0.9162052417866371,1187,tail
russian,NORP,1,2483,0.9165743816906607,1188,tail
russell & co.,ORG,1,2484,0.9169435215946844,1189,tail
the iniquities of the opium trade with china,WORK_OF_ART,1,2485,0.917312661498708,1190,tail
rupet's,MONEY,1,2486,0.9176818014027316,1191,tail
rose,PRODUCT,1,2487,0.9180509413067552,1192,tail
roman catholic,NORP,1,2488,0.9184200812107789,1193,tail
queen victoria,PERSON,1,2489,0.9187892211148025,1194,tail
robert peel,PERSON,1,2490,0.9191583610188261,1195,tail
rickards,PERSON,1,2491,0.9195275009228497,1196,tail
the kast india company,ORG,1,2492,0.9198966408268734,1197,tail
ricci,PERSON,1,2493,0.920265780730897,1198,tail
ghika,GPE,1,2494,0.9206349206349206,1199,tail
raj-,GPE,1,2495,0.9210040605389442,1200,tail
philadelphia,GPE,1,2496,0.9213732004429679,1201,tail
philippines,GPE,1,2497,0.9217423403469915,1202,tail
phlegethon,LOC,1,2498,0.9221114802510151,1203,tail
217,CARDINAL,1,2499,0.9224806201550387,1204,tail
22^ per cent,PERCENT,1,2500,0.9228497600590624,1205,tail
22° 33' north,QUANTITY,1,2501,0.923218899963086,1206,tail
238,CARDINAL,1,2502,0.9235880398671097,1207,tail
"238,043",CARDINAL,1,2503,0.9239571797711332,1208,tail
239,CARDINAL,1,2504,0.9243263196751569,1209,tail
"24,000",MONEY,1,2505,0.9246954595791805,1210,tail
380-384,CARDINAL,1,2506,0.9250645994832042,1211,tail
210 to 270 taels,MONEY,1,2507,0.9254337393872277,1212,tail
"3,000,000",MONEY,1,2508,0.9258028792912514,1213,tail
"3,147,481",CARDINAL,1,2509,0.926172019195275,1214,tail
"33,562",CARDINAL,1,2510,0.9265411590992987,1215,tail
"33,955",MONEY,1,2511,0.9269102990033222,1216,tail
34,CARDINAL,1,2512,0.9272794389073459,1217,tail
"34,800",CARDINAL,1,2513,0.9276485788113695,1218,tail
22,CARDINAL,1,2514,0.9280177187153932,1219,tail
242,CARDINAL,1,2515,0.9283868586194167,1220,tail
reach,LOC,1,2516,0.9287559985234404,1221,tail
25,CARDINAL,1,2517,0.929125138427464,1222,tail
"29,492",CARDINAL,1,2518,0.9294942783314877,1223,tail
290,CARDINAL,1,2519,0.9298634182355112,1224,tail
291,CARDINAL,1,2520,0.9302325581395349,1225,tail
"292,751",CARDINAL,1,2521,0.9306016980435585,1226,tail
27th,DATE,1,2522,0.9309708379475822,1227,tail
3,CARDINAL,1,2523,0.9313399778516057,1228,tail
"24,448",CARDINAL,1,2524,0.9317091177556294,1229,tail
210,CARDINAL,1,2525,0.932078257659653,1230,tail
200 to 250 cash,MONEY,1,2526,0.9324473975636767,1231,tail
206,CARDINAL,1,2527,0.9328165374677002,1232,tail
"21,000,000",MONEY,1,2528,0.9331856773717239,1233,tail
"21,219",CARDINAL,1,2529,0.9335548172757475,1234,tail
"21,25,209",CARDINAL,1,2530,0.9339239571797712,1235,tail
"21,783",CARDINAL,1,2531,0.9342930970837947,1236,tail
340,CARDINAL,1,2532,0.9346622369878184,1237,tail
35,CARDINAL,1,2533,0.935031376891842,1238,tail
"36,000 taelsf",MONEY,1,2534,0.9354005167958657,1239,tail
305,CARDINAL,1,2535,0.9357696566998892,1240,tail
"3,898",CARDINAL,1,2536,0.9361387966039129,1241,tail
30 to 40 ‘,CARDINAL,1,2537,0.9365079365079365,1242,tail
"32,303,963",CARDINAL,1,2538,0.9368770764119602,1243,tail
300,CARDINAL,1,2539,0.9372462163159837,1244,tail
302,CARDINAL,1,2540,0.9376153562200074,1245,tail
"304,954",CARDINAL,1,2541,0.937984496124031,1246,tail
30th,DATE,1,2542,0.9383536360280547,1247,tail
"33,272",CARDINAL,1,2543,0.9387227759320783,1248,tail
319,CARDINAL,1,2544,0.9390919158361019,1249,tail
"32,000 peculs",MONEY,1,2545,0.9394610557401255,1250,tail
"32,008",CARDINAL,1,2546,0.9398301956441492,1251,tail
300 to 400,CARDINAL,1,2547,0.9401993355481728,1252,tail
georges,PERSON,1,2548,0.9405684754521964,1253,tail
'lin tin',LOC,1,2549,0.94093761535622,1254,tail
"3,70,500",CARDINAL,1,2550,0.9413067552602437,1255,tail
"3,591",CARDINAL,1,2551,0.9416758951642673,1256,tail
"3,358",CARDINAL,1,2552,0.9420450350682908,1257,tail
"3,229",CARDINAL,1,2553,0.9424141749723145,1258,tail
"3,20,748",CARDINAL,1,2554,0.9427833148763382,1259,tail
"32,301",CARDINAL,1,2555,0.9431524547803618,1260,tail
"32,94,570",CARDINAL,1,2556,0.9435215946843853,1261,tail
"3,007",CARDINAL,1,2557,0.943890734588409,1262,tail
360,CARDINAL,1,2558,0.9442598744924326,1263,tail
"38,115,154",CARDINAL,1,2559,0.9446290143964563,1264,tail
378,CARDINAL,1,2560,0.9449981543004798,1265,tail
374,CARDINAL,1,2561,0.9453672942045035,1266,tail
"372,025",CARDINAL,1,2562,0.9457364341085271,1267,tail
372,CARDINAL,1,2563,0.9461055740125508,1268,tail
"37,470,465",CARDINAL,1,2564,0.9464747139165743,1269,tail
369,CARDINAL,1,2565,0.946843853820598,1270,tail
"36,491,288",CARDINAL,1,2566,0.9472129937246216,1271,tail
nanking,NORP,1,2567,0.9475821336286453,1272,tail
the past few days,DATE,1,2568,0.9479512735326688,1273,tail
namoh,GPE,1,2569,0.9483204134366925,1274,tail
"the 4th of april, 1843",DATE,1,2570,0.9486895533407161,1275,tail
the autumn of this year,DATE,1,2571,0.9490586932447398,1276,tail
the apostle paul,PERSON,1,2572,0.9494278331487633,1277,tail
the anglo-oriental society for the suppression of the opium trade,ORG,1,2573,0.949796973052787,1278,tail
the bengal board of trade,ORG,1,2574,0.9501661129568106,1279,tail
the 7th of july,DATE,1,2575,0.9505352528608343,1280,tail
the 7th of april,DATE,1,2576,0.9509043927648578,1281,tail
the 3rd,DATE,1,2577,0.9512735326688815,1282,tail
the,LOC,1,2578,0.9516426725729051,1283,tail
the 31st,DATE,1,2579,0.9520118124769288,1284,tail
"the 30th january, 1837",DATE,1,2580,0.9523809523809523,1285,tail
the 2nd day of the 9th moon,DATE,1,2581,0.952750092284976,1286,tail
the 27th of september,DATE,1,2582,0.9531192321889996,1287,tail
the 25th,DATE,1,2583,0.9534883720930233,1288,tail
the 24th day of october,DATE,1,2584,0.9538575119970469,1289,tail
the,WORK_OF_ART,1,2585,0.9542266519010705,1290,tail
states,GPE,1,2586,0.9545957918050941,1291,tail
tai-pings,NORP,1,2587,0.9549649317091178,1292,tail
the chamber of commerce,ORG,1,2588,0.9553340716131414,1293,tail
the british government,ORG,1,2589,0.955703211517165,1294,tail
sze-chuen,GPE,1,2590,0.9560723514211886,1295,tail
the canton river,LOC,1,2591,0.9564414913252123,1296,tail
the celestial empire,GPE,1,2592,0.9568106312292359,1297,tail
swatow,GPE,1,2593,0.9571797711332595,1298,tail
supreme court,ORG,1,2594,0.9575489110372831,1299,tail
sunda,PRODUCT,1,2595,0.9579180509413068,1300,tail
"the board of customs,",ORG,1,2596,0.9582871908453304,1301,tail
the chi- nese,NORP,1,2597,0.958656330749354,1302,tail
suez,ORG,1,2598,0.9590254706533776,1303,tail
the china war,EVENT,1,2599,0.9593946105574013,1304,tail
straits,LOC,1,2600,0.9597637504614249,1305,tail
station,FAC,1,2601,0.9601328903654485,1306,tail
the chinese coast,LOC,1,2602,0.9605020302694721,1307,tail
the 24th,DATE,1,2603,0.9608711701734958,1308,tail
"the 21st of may, 1839",DATE,1,2604,0.9612403100775194,1309,tail
the board of commerce,ORG,1,2605,0.961609449981543,1310,tail
shansi,GPE,1,2606,0.9619785898855666,1311,tail
the fan kwae,ORG,1,2607,0.9623477297895903,1312,tail
shensi,GPE,1,2608,0.9627168696936139,1313,tail
the first fifteen years,DATE,1,2609,0.9630860095976375,1314,tail
"the first of july, 1825",DATE,1,2610,0.9634551495016611,1315,tail
shen-si,GPE,1,2611,0.9638242894056848,1316,tail
shantung,GPE,1,2612,0.9641934293097084,1317,tail
the first war between england and china,EVENT,1,2613,0.964562569213732,1318,tail
the 20th.,DATE,1,2614,0.9649317091177556,1319,tail
shangllat,GPE,1,2615,0.9653008490217793,1320,tail
the first war with england,EVENT,1,2616,0.9656699889258029,1321,tail
the following year,DATE,1,2617,0.9660391288298265,1322,tail
shan-si,GPE,1,2618,0.9664082687338501,1323,tail
the friend of china,WORK_OF_ART,1,2619,0.9667774086378738,1324,tail
shakespeare,PERSON,1,2620,0.9671465485418974,1325,tail
shilling,MONEY,1,2621,0.967515688445921,1326,tail
the factory square,FAC,1,2622,0.9678848283499446,1327,tail
sooloo,LOC,1,2623,0.9682539682539683,1328,tail
the chinese customs reports,WORK_OF_ART,1,2624,0.9686231081579919,1329,tail
square,FAC,1,2625,0.9689922480620154,1330,tail
the,PERSON,1,2626,0.9693613879660391,1331,tail
"the ""governor findlay",PERSON,1,2627,0.9697305278700628,1332,tail
the 1 7th of sep- tember,DATE,1,2628,0.9700996677740864,1333,tail
the 1 8th,DATE,1,2629,0.9704688076781101,1334,tail
the 12th,DATE,1,2630,0.9708379475821336,1335,tail
the 12th of december,DATE,1,2631,0.9712070874861573,1336,tail
the board of customs of salt and opium,ORG,1,2632,0.9715762273901809,1337,tail
the 14th of october,DATE,1,2633,0.9719453672942046,1338,tail
the 16th of january,DATE,1,2634,0.9723145071982281,1339,tail
the 20th of november,DATE,1,2635,0.9726836471022517,1340,tail
the 20th of oc- ■tober,DATE,1,2636,0.9730527870062754,1341,tail
the 20th of october,DATE,1,2637,0.973421926910299,1342,tail
tagalis,NORP,1,2638,0.9737910668143226,1343,tail
taiwan,GPE,1,2639,0.9741602067183462,1344,tail
the past six years,DATE,1,2640,0.9745293466223699,1345,tail
one pound thirteen ounces,QUANTITY,1,2641,0.9748984865263935,1346,tail
millions of dollars,MONEY,1,2642,0.9752676264304171,1347,tail
nearly a million sterling,MONEY,1,2643,0.9756367663344407,1348,tail
one thousand dollars,MONEY,1,2644,0.9760059062384644,1349,tail
nearly three weeks,DATE,1,2645,0.976375046142488,1350,tail
new york,GPE,1,2646,0.9767441860465116,1351,tail
one tenth,CARDINAL,1,2647,0.9771133259505352,1352,tail
one niilliou of taels,MONEY,1,2648,0.9774824658545589,1353,tail
mings,EVENT,1,2649,0.9778516057585825,1354,tail
one hundred,CARDINAL,1,2650,0.9782207456626061,1355,tail
the month of december,DATE,1,2651,0.9785898855666297,1356,tail
one and one-fifth,CARDINAL,1,2652,0.9789590254706534,1357,tail
the morrow,DATE,1,2653,0.979328165374677,1358,tail
one,MONEY,1,2654,0.9796973052787006,1359,tail
omega,ORG,1,2655,0.9800664451827242,1360,tail
mindanao,LOC,1,2656,0.9804355850867479,1361,tail
minqua,PERSON,1,2657,0.9808047249907715,1362,tail
talapoins,NORP,1,2658,0.9811738648947951,1363,tail
moorish,NORP,1,2659,0.9815430047988187,1364,tail
mseelstroom,GPE,1,2660,0.9819121447028424,1365,tail
motion for a resolution against the opium trade,LAW,1,2661,0.982281284606866,1366,tail
morrison,PERSON,1,2662,0.9826504245108896,1367,tail
more than half,CARDINAL,1,2663,0.9830195644149132,1368,tail
moors,NORP,1,2664,0.9833887043189369,1369,tail
moormen,NORP,1,2665,0.9837578442229605,1370,tail
moorcroft,PERSON,1,2666,0.9841269841269841,1371,tail
minute or two,TIME,1,2667,0.9844961240310077,1372,tail
the peking province,GPE,1,2668,0.9848652639350314,1373,tail
the pre- ceding day,DATE,1,2669,0.985234403839055,1374,tail
the bay of,LOC,1,2670,0.9856035437430787,1375,tail
the preceding year,DATE,1,2671,0.9859726836471022,1376,tail
the present year,DATE,1,2672,0.9863418235511259,1377,tail
modeste,PERSON,1,2673,0.9867109634551495,1378,tail
of woo-sung,FAC,1,2674,0.9870801033591732,1379,tail
october 20th,DATE,1,2675,0.9874492432631967,1380,tail
october,DATE,1,2676,0.9878183831672204,1381,tail
ten,CARDINAL,1,2677,0.988187523071244,1382,tail
senate,ORG,1,2678,0.9885566629752677,1383,tail
september 11th,DATE,1,2679,0.9889258028792912,1384,tail
the hong lin,GPE,1,2680,0.9892949427833149,1385,tail
that day,DATE,1,2681,0.9896640826873385,1386,tail
thalia,PERSON,1,2682,0.9900332225913622,1387,tail
ten o’clock p.m.,TIME,1,2683,0.9904023624953857,1388,tail
teen-tsin,GPE,1,2684,0.9907715023994094,1389,tail
november 1838,DATE,1,2685,0.991140642303433,1390,tail
tchang-kiang,GPE,1,2686,0.9915097822074567,1391,tail
taukwang,PERSON,1,2687,0.9918789221114802,1392,tail
tar,LANGUAGE,1,2688,0.9922480620155039,1393,tail
tang tingching,PERSON,1,2689,0.9926172019195275,1394,tail
the board of rites,ORG,1,2690,0.9929863418235512,1395,tail
tan-sze-no,GPE,1,2691,0.9933554817275747,1396,tail
nearly two millions sterling,MONEY,1,2692,0.9937246216315984,1397,tail
next day,DATE,1,2693,0.994093761535622,1398,tail
next morning,TIME,1,2694,0.9944629014396457,1399,tail
the opium farms,ORG,1,2695,0.9948320413436692,1400,tail
ngan-i-hien,GPE,1,2696,0.9952011812476929,1401,tail
the ninth century,DATE,1,2697,0.9955703211517165,1402,tail
the next year,DATE,1,2698,0.9959394610557402,1403,tail
nine,CARDINAL,1,2699,0.9963086009597637,1404,tail
nine hundred and twenty-eight thousand seven hundred spanish dollars,MONEY,1,2700,0.9966777408637874,1405,tail
nineteenth century,DATE,1,2701,0.997046880767811,1406,tail
ning-po,GPE,1,2702,0.9974160206718347,1407,tail
the next season,DATE,1,2703,0.9977851605758582,1408,tail
noon of the 5th,TIME,1,2704,0.9981543004798819,1409,tail
the next morning,TIME,1,2705,0.9985234403839055,1410,tail
northern manchuria,LOC,1,2706,0.9988925802879292,1411,tail
novem- ber,DATE,1,2707,0.9992617201919527,1412,tail
november,DATE,1,2708,0.9996308600959763,1413,tail
yunnan,GPE,1,2709,1.0,1414,tail
